,Username,Comment
0,tiktok.com/@user121998036,ูู ุงูุง ุงููุญูุฏ ุงูู ูู ุงูุนูุฏ ุงูุจุณ ุฌููุฒ ูุชูุดุฑุช ๐
1,tiktok.com/@r834689,ููุง ูุฑุฉ ูุงุจุณุฉ ูุณุชุงู ุจู ุนูุฏ
2,tiktok.com/@thekra244,ุทูุจ ููุฏูู ุชุจุนุฏูู ูุชุญู ุงูุธูุฑ
3,tiktok.com/@ab.es29,ุงุจู ูุณุงุชูู ููุดููู ุงูุดุฑุนูู ๐ฅบ๐๐ฆ
4,tiktok.com/@eu0g,ุงุฐุง ุทูุจุชู ุงูู ููู ุฑูุถุงู ุจููุตู ูุจู ุงูุนูุฏ ุ
5,tiktok.com/@barllina,ุนูู ุญุณุจ ุดุฑูุฉ ุงูุดุญู ุงููู ุชุฎุชุงุฑููุง ุจุงููููุน ูุงุฑูุญู(ููุถุญุฉ ุงููุฏุฉ)
6,tiktok.com/@lode088,ูุชู ุญููุตู ุทูุจู ุ ๐ข ูู ุชุชุฃุฎุฑู ูุงูุชูุตูู ูู ูค ุงูุงู ุทุงูุจู
7,tiktok.com/@barllina,ุงููุฏุฉ ุชูุถุญูู ู ุฑูุญู ูุจู ุงุชูุงู ุงูุทูุจ
8,tiktok.com/@ers2010,ููู ุงุณุชุฑุฌุงุน ุ
9,tiktok.com/@barllina,ุงูู ูุงููุจู ูุชูุฏุฑู ุชูุฑู ุณูุงุณุฉ ุงูุงุณุชุฑุฌุงุน ูุงูุงุณุชุจุฏุงู ูุงููููุน
10,tiktok.com/@fno_28g,ุชูููู ุงุจู ุงุทูุจ ูุฐุง ูุณุชุงู ูู ููู
11,tiktok.com/@barllina,ุงูุทูุจ ุนู ุทุฑูู ุงููููุน ุจุงูุจุงูู
12,tiktok.com/@a3x05,ู ุญูุงุฉ ุงููุฎูุฑ ุตุจุงุญ ุงูุนูุฏ๐ซณ๐ผโฅ๏ธ
13,tiktok.com/@beba_680,ุงูููุงุณุงุช ูู ููุชูุจู ุจุงููุชุฑ ุจุณ ููู ุณููู ูููุฏูู .. ูุนูู ูู ููุถุญ ููู ุขุฎุฐ ููุงุณุงุชู ุจุงูุถุจุท ุ
14,tiktok.com/@barllina,ููู ุฌุฏูู ุงูููุงุณุงุช ุจุงููููุน ูุงุฑูุญู
15,tiktok.com/@lovedyala10,ูู ุชูุตูู ุฌุงุฒุงูุ๐
16,tiktok.com/@barllina,ููุตู ูุฌููุน ุงูุญุงุก ุงูููููุฉ ุญุจูุจู ๐ค
17,tiktok.com/@fxzzz143,ูู ููุงุณ ุงูููุฏูุ ูุงููุง ููุณ ุทููู
18,tiktok.com/@barllina,ุณููู ูุงุฑูุญู
19,tiktok.com/@rawan98093,ูุฌูู ูุฑู ุจูู ูุฑุง ุนุฌุจ ุงูู ูุฌููู
20,tiktok.com/@barllina,ุงูุงุณุนุงุฑ ููุถุญู ุจุงููููุน ุญุจูุจุชู
21,tiktok.com/@marea_xa,ุงููู ุงุนููู ูุนูุฑ ุงููุญูุฑ ุจุงููู ๐ข๐ขโจโจโจ๐ญ
22,tiktok.com/@f7txom3,ูุงุญุฏ ุจูู ุ
23,tiktok.com/@barllina,ุงูุงุณุนุงุฑ ููุถุญู ุจุงููููุน ุญุจูุจุชู
24,tiktok.com/@gwgimm3,ููู ูุฏุจุจูุ
25,tiktok.com/@barllina,ุงูููุงุณุงุช ูู ุณููู ุงูู ุงูุณ ูุงุฑุฌ ูุงุฑูุญู
26,tiktok.com/@sara_991.1,ูู ุชูุตูู ููุนุฑุงู ุ
27,tiktok.com/@barllina,ูุง ุญุจูุจุชู ููุงุณู
28,tiktok.com/@a.lu2a,ุชูููู ูููู ุนูุฏูู ุชูุตูู ุจุฑุง ุงูุณุนูุฏูู๐ฅน
29,tiktok.com/@barllina,ูุฏูู ุงูุฎููุฌ ุจุณ ูุงุฑูุญู
30,tiktok.com/@newemail66,ูุงูู ุชูุงุตู ุงูุฑูุงุถ
31,tiktok.com/@uy.525,ูู ุชูุตูู ุงููููุช ุชูููู ุฑุฏู
32,tiktok.com/@barllina,ุงูู ูุงููุจู
33,tiktok.com/@user121998036,ุจูุงุช ููู ุงููููุน ุนุฌุฒุช ุงูุงููู ูู ููุฌูุฏ ุจุงูุจุงูู
34,tiktok.com/@barllina,ุชูุงุตูู ุฎุงุต
35,tiktok.com/@lsihd6,
36,tiktok.com/@a.d.196,ูู ุงุฎุฑ ุฌูุนู ูู ุดุนุจุงู ูุงุฑุจ ุงูู ุชุญูู ุงูุงูููุง ูุชูุฑุญ ูููุจูุง ูุชูุฑุฌ ูููููุง ๐๐๐
37,tiktok.com/@2ias27,ูู ุชูุตูู ู ุงูุงูุงุฑุงุช
38,tiktok.com/@barllina,ุงูู ูุงููุจู
39,tiktok.com/@heba211n8,ูุงูู ุชููุตูู ุน ุงููุงููู ุ
40,tiktok.com/@barllina,ูุง ุญุจูุจุชู ููุงุณู
41,tiktok.com/@.lamis.2, ุงุชุฎููุช ุงููุณุชุงู ุนูููู ุฑุญ ูุทูุน ูุฑุฑุฑู ุญูููู
42,tiktok.com/@zozo.t.a,ููู ูุงููุฉ ูู ุงููููุน ุงููุณุชุงู
43,tiktok.com/@barllina,ุฑููู 18801
44,tiktok.com/@sa9s1a,ุงููููุน ููุตู ููุงูุงุฑุงุชุ
45,tiktok.com/@barllina,ุงูู ูุงููุจู
46,tiktok.com/@a873074,ูู ูุฃุฎุฐ ุชูุตูู ููุญูุฑุ
47,tiktok.com/@barllina,ุนูู ุญุณุจ ุดุฑูุฉ ุงูุดุญู ุงููู ุชุฎุชุงุฑููุง ุจุงููููุน ุญุจูุจุชู (ููุถุญุฉ ุงููุฏุฉ (
48,tiktok.com/@noa.anonymous,ุฐุง ุงููุณุชุงู ูุด ููุฌูุฏ ุจุงููููุน
49,tiktok.com/@barllina,ุฑูุฒ ุงููุณุชุงู ุจุงููููุน 18801
50,tiktok.com/@abrar22_22,ูู ุชูุตูู ููุจุทุญุงุก ูุจูู
51,tiktok.com/@barllina,ุงูู ูุงุฑูุญู ููุตู ูุฌููุน ููุงุทู ุงูููููุฉ ุ ุนูู ุญุณุจ ุดุฑูุฉ ุงูุดุญู ุงููู ุชุฎุชุงุฑููุง ุจุงููููุน
52,tiktok.com/@sandy_fllow,ูู ุชูุตูู ูู ุชุจูู ููู ุชูุตูู ููู ุงูุณุนุฑ
53,tiktok.com/@barllina,ุงูู ูุงุฑูุญู ุ ุงูุงุณุนุงุฑ ููุถุญู ุจุงููููุน
54,tiktok.com/@user6575519536685,ูู ููุนุฏ ุงูุชูุตูู ููุทุงูู
55,tiktok.com/@barllina,ุนูู ุญุณุจ ุดุฑูุฉ ุงูุดุญู ุงููู ุชุฎุชุงุฑููุง ุจุงููููุน ุญุจูุจุชู (ููุถุญุฉ ุงููุฏุฉ)
56,tiktok.com/@hxil.c,ุจููููู
57,tiktok.com/@barllina,ุงูุงุณุนุงุฑ ููุถุญู ุจุงููููุน ุญุจูุจุชู
58,tiktok.com/@waganzir1x5,ูู ุงูุฑูุงุถ
59,tiktok.com/@barllina,ููุฑูุง ุฌุฏู ูุงูุทูุจ ุนู ุทุฑูู ุงููููุน ูุงุฑูุญู
60,tiktok.com/@ayeshaab50,ูู ุชูุตูู ูููููุ
61,tiktok.com/@barllina,ุงูู ูุงููุจู
62,tiktok.com/@alghamdiyaalghamdi,ุนูุฏู ุญุณุงุจ ุซุงูู ููุจูุงุช ุงูุตุบุงุฑ ูููู ูุงุญุตูุชู๐ญ
63,tiktok.com/@barllina,
64,tiktok.com/@renad2718,ูุฌูููุ ููู ุงุฏุฎู ุนูู ุงููููุนุ ๐
65,tiktok.com/@barllina,ุงููููุน ุจุงูุจุงูู ูุงุฑูุญู
66,tiktok.com/@.sh4x1,ุงููููุน ููุตู ูุทุฑุ
67,tiktok.com/@barllina,ุงูู ุญุจูุจุชู
68,tiktok.com/@1jlik,ู ููู ููุฏ ุฎุตูุ
69,tiktok.com/@barllina,MK10
70,tiktok.com/@shoggaltsa,ุทููู ููุงููุฏ
71,tiktok.com/@barllina,ุทูู ุงููุณุชุงู 120 ุณู
72,tiktok.com/@hair_grow7,ูุชู ููุตู ูู ุจุทูุจ ุงูุงู ุ
73,tiktok.com/@barllina,ุนูู ุญุณุจ ุดุฑูุฉ ุงูุดุญู ุงููู ุชุฎุชุงุฑููุง ุจุงููููุน (ููุถุญุฉ ุงููุฏุฉ)
74,tiktok.com/@bbrrjgzgy0b,ููู ุงุทูุจู
75,tiktok.com/@barllina,ุงูุทูุจ ุนู ุทุฑูู ุงููููุน ุจุงูุจุงูู ูุงุฑูุญู
76,tiktok.com/@4aime8,ูู ููู ุซุงููุ
77,tiktok.com/@barllina,ูุง ุญุจูุจุชู ููุงุณู
78,tiktok.com/@ghaida_24,ุจูู ู ุญูููุ
79,tiktok.com/@barllina,ุงูุงุณุนุงุฑ ููุถุญู ุจุงููููุน ู ุนูููู ๐ค
80,tiktok.com/@hh1029.h,ุจูู ูููู ุงุทูุจู ุฌุฏุง ุฌุฏุง ุฑููุจ ๐ฅฐ ูููุน ุงูุฏูู ูุจูุช ุงุฎููุฉ
81,tiktok.com/@barllina,ุงูุงุณุนุงุฑ ููุถุญู ุจุงููููุน ุ ุงูุทูุจ ุนู ุทุฑูู ุงููููุน ุจุงูุจุงูู ูุงุฑูุญู
82,tiktok.com/@galqueen122,ุชูุตููู ุฏูู ุงูุฎููุฌุ
83,tiktok.com/@barllina,ุงูู ุญุจูุจุชู
84,tiktok.com/@asma_14141,ูู ุนูุฏูู ุชุฑุฌูุน ูุฌุงููุ
85,tiktok.com/@barllina,ูุง ู ุฑูุญู ุงูุชุฑุฌูุน ุนููู ุฑุณูู ุูุชูุฏุฑู ุชูุฑู ุณูุงุณุฉ ุงูุงุณุชุฑุฌุงุน ูุงูุงุณุชุจุฏุงู ูุงููููุน๐ค
86,tiktok.com/@fofosooos,ูู ุชูุตูู ูุนูุงู ๐ด๐ฒ
87,tiktok.com/@l.gu9,ููู ุชูุตูู ูุนุฑุนุฑุ
88,tiktok.com/@barllina,ุงูู ูุงููุจู
89,tiktok.com/@amal8241,ููู ููุฏ ููุงูุง
90,tiktok.com/@barllina,MK10
91,tiktok.com/@..mr76i,ูู ุชูุตูู ููุจุญุฑูู
92,tiktok.com/@barllina,ุงูู ูุงููุจู
93,tiktok.com/@gamingzahra_ayah_,ูู ุณุนุฑูุ
94,tiktok.com/@barllina,ุงูุงุณุนุงุฑ ููุถุญู ุจุงููููุน ุญุจูุจุชู
95,tiktok.com/@gghasaqq,ูู ุฑูุฒู
96,tiktok.com/@barllina,ุฑููู 18801
97,tiktok.com/@v0.xy,ูู ุชูุตูู ู ุงูุจุญุฑูู ุ
98,tiktok.com/@barllina,ุงูู ูุงุฑูุญู
99,tiktok.com/@almamari839,ูู ุชูุตููุุุ
100,tiktok.com/@barllina,ุงูู ูุงููุจู ููุตู ูุฌููุน ุฏูู ุงูุฎููุฌ
101,tiktok.com/@lateefa_1413,ูุตููู ููุจู ูููู ุฌุจูู ุฎููู ููู ูููู ุงููุณุชุงู ุฑุงูู ๐ฅน
102,tiktok.com/@barllina,ูุจุณ ุงูุนุงููู ุนููู ู ุฑูุญู
103,tiktok.com/@mxll320,ุจูู ุงููุณุชุงู
104,tiktok.com/@barllina,ุงูุงุณุนุงุฑ ููุถุญู ุจุงููููุน ุญุจูุจุชู
105,tiktok.com/@mkk2310,ููู ูุงูู ุฏูุน ุนูุฏ ุงูุงุณุชูุงู
106,tiktok.com/@barllina,ุงูุฏูุน ูุณุจู ูุงุฑูุญู
107,tiktok.com/@by2101,ู ูู ููุฏ ุฎุตู
108,tiktok.com/@barllina,MK10
109,tiktok.com/@rhym.053,ุจูู ุณุนุฑู
110,tiktok.com/@barllina,ุงูุงุณุนุงุฑ ููุถุญู ุจุงููููุน ุญุจูุจุชู
111,tiktok.com/@d.12am,ูู ุจูู
112,tiktok.com/@barllina,ุงูุงุณุนุงุฑ ููุถุญู ุจุงููููุน ุญุจูุจุชู
113,tiktok.com/@fadak.03,ุจูู ุนุฌุจูู ุ
114,tiktok.com/@barllina,ุงูุงุณุนุงุฑ ููุถุญู ุจุงููููุน ุญุจูุจุชู
115,tiktok.com/@ailan2224,ูู ูููุน ูู ุทููููกูฆูฃ
116,tiktok.com/@barllina,ุงุนุชูุฏู ุนูู ุฌุฏูู ุงูููุงุณุงุช ุจุงููููุน ูุงุฑูุญู
117,tiktok.com/@mkgma3,ูู ุชูุตูู ูููููุช ุชูููู ูููู ุงู
118,tiktok.com/@barllina,ุงูู ูุงููุจู
119,tiktok.com/@neneqwq11,ูู ุชูุตูู ููุจุญุฑููุ
120,tiktok.com/@barllina,ุงูู ูุงููุจู
121,tiktok.com/@rdas2867,ุจูุงุช ุดููู ุงุทูุจ ููู ุงูุฏุฑ ุงุทูุจ
122,tiktok.com/@barllina,ุงููููุน ุจุงูุจุงูู ูุงุฑูุญู
123,tiktok.com/@s9269823,ุจูู ูุญูููุ
124,tiktok.com/@barllina,ุงูุงุณุนุงุฑ ููุถุญู ุจุงููููุน ุญุจูุจุชู
125,tiktok.com/@v6.lr,ููุฏุฑ ุงุนุฏู ุนูู ุดููู ูู ูููุ
126,tiktok.com/@barllina,ูุง ุญุจูุจุชู ูุงุนูุฏูุง ุฎุฏูุฉ ุงูุชุนุฏูู
127,tiktok.com/@user815855763,ุณุนุฑ ุจูู
128,tiktok.com/@barllina,ุงูุงุณุนุงุฑ ููุถุญู ุจุงููููุน ุญุจูุจุชู
129,tiktok.com/@li_liio2,ููู ุงูุฏูุน ุนูุฏ ุงูุงุณุชูุงูุ
130,tiktok.com/@barllina,ุงูุฏูุน ูุณุจู ูุงุฑูุญู
131,tiktok.com/@naj_____wa,ุจููู ุชููููู
132,tiktok.com/@barllina,ุงูุงุณุนุงุฑ ููุถุญู ุจุงููููุน ุญุจูุจุชู
133,tiktok.com/@reoom59,ุจูู ุจุงููู
134,tiktok.com/@barllina,ุงูุงุณุนุงุฑ ููุถุญู ุจุงููููุน ุญุจูุจุชู
135,tiktok.com/@froo332233,ุจูู ูุงููุจู
136,tiktok.com/@barllina,ุงูุงุณุนุงุฑ ููุถุญู ุจุงููููุน ุญุจูุจุชู
137,tiktok.com/@user43302747045370,ุฐุง ูู
138,tiktok.com/@barllina,ุงูุงุณุนุงุฑ ููุถุญู ุจุงููููุน ุญุจูุจุชู
139,tiktok.com/@.shahad869,ุจูู
140,tiktok.com/@barllina,ุงูุงุณุนุงุฑ ููุถุญู ุจุงููููุน ุญุจูุจุชู
141,tiktok.com/@amal.340,ูู ููุฏ ุฎุตู
142,tiktok.com/@barllina,NF15
143,tiktok.com/@tr_rrf123,ูุด ุงุณู ุงููุญู
144,tiktok.com/@barllina,ุจุงุฑูููุง ุงููููุน ุจุงูุจุงูู ูุงุฑูุญู
145,tiktok.com/@user4563961950312,ูููู
146,tiktok.com/@barllina,ุงูุงุณุนุงุฑ ููุถุญู ุจุงููููุน ุญุจูุจุชู
147,tiktok.com/@nwaara42,ุงููุฎูุฑ ูุงููุบุฑุจู ุงุญูู ุดู ูุงูุนูุฏโจ
148,tiktok.com/@futim2020,ููุจุณ ูุฎูุฑ ูู ุงูุนูุฏ๐ฅบโค๏ธ
149,tiktok.com/@a031125,ููุณ ุญูู ุจุณ ูููู ุจููุณุฌู ูุงุชุญ
150,tiktok.com/@useruyoijrt222,ุจููุุ
151,tiktok.com/@barllina,ุงูุงุณุนุงุฑ ููุถุญู ุจุงููููุน ุญุจูุจุชู
152,tiktok.com/@alwaywppddi,ุจูู
153,tiktok.com/@barllina,ุงูุงุณุนุงุฑ ููุถุญู ุจุงููููุน ุญุจูุจุชู
154,tiktok.com/@aaaae6308,ูุฌูููู๐
155,tiktok.com/@7.jyy22,ุจูู๐ฅบุ
156,tiktok.com/@barllina,ุงูุงุณุนุงุฑ ููุถุญู ุจุงููููุน ุญุจูุจุชู
157,tiktok.com/@ailan2224,ุงุจุบุงู ูููุุ
158,tiktok.com/@barllina,ุงูุทูุจ ุนู ุทุฑูู ุงููููุน ุจุงูุจุงูู ูุงุฑูุญู
159,tiktok.com/@jjkk8484, ุญุจููุชุชุช๐๐๐๐
160,tiktok.com/@aisha_25610,ูู ุงูู ููู ุงุณูุฏ ุณุงุฏู ุจูุทูุน ููุจูู
161,tiktok.com/@l.gu9, ูุฌูููู ุดููู ุจุดุชุฑูู
162,tiktok.com/@2.ilo7,ูููุจ ูุฌููู
163,tiktok.com/@nistr71,ุงููู ูุฑูููู ๐
164,tiktok.com/@nooole5,ูุฌููู๐ญ๐
165,tiktok.com/@nn30ii,ุจูู
166,tiktok.com/@barllina,ุงูุงุณุนุงุฑ ููุถุญู ุจุงููููุน ุญุจูุจุชู
167,tiktok.com/@2.b.1,ุทูููู
168,tiktok.com/@user8146579695782,ููุณ ูุณุชุงูู ุญู ุงูุนูุฏ ูุงููู
169,tiktok.com/@l.l..jay..l.l,ูุฌููููู ๐ญ
170,tiktok.com/@newemail66,ุจูู
171,tiktok.com/@barllina,ุงูุงุณุนุงุฑ ููุถุญู ุจุงููููุน ุญุจูุจุชู
172,tiktok.com/@amassi29,ุจูู ุุ
173,tiktok.com/@barllina,ุงูุงุณุนุงุฑ ููุถุญู ุจุงููููุน ุญุจูุจุชู
174,tiktok.com/@jojo_202x,ุทูุจ ุงูุง ุฏุฎูุช ุงููููุน ูุง ูููุชู ุดูู ุงุณูู ููู ุงูุงููู ุ
175,tiktok.com/@barllina,ุฑููู 18801
176,tiktok.com/@user9098612066766,ูุด ุงูุชุจ ุจุงููููุน ุนุดุงู ูุทูุน ูู ุ
177,tiktok.com/@barllina,ุฑููู 18801
178,tiktok.com/@be_au5077,ุจูู
179,tiktok.com/@barllina,ุงูุงุณุนุงุฑ ููุถุญู ุจุงููููุน ุญุจูุจุชู
180,tiktok.com/@iiwxr_15,ูุชููุฑ ุ
181,tiktok.com/@barllina,ุงูู ูุงููุจู
182,tiktok.com/@ranodara3,ุจูู
183,tiktok.com/@barllina,ุงูุงุณุนุงุฑ ููุถุญู ุจุงููููุน ุญุจูุจุชู
184,tiktok.com/@hijmi_,ุชูุตู ุนูุงูุ
185,tiktok.com/@barllina,ุงูู ูุงููุจู
186,tiktok.com/@xilla_03,ุชูุตููู ูุณุชุงู ุ ุนุฌุจุชูู ูุณุงุชูููู ุจุณ ูุงูู ุดู ุนูู ุฐููู๐๐
187,tiktok.com/@barllina,ูุง ุญุจูุจุชู ููุงุณู ูุงููุตู ุญุณุจ ุงูุทูุจ
188,tiktok.com/@l_.2xv97,ูุณุงุชููู ูุฑู ุชุฌูู ูู ูุง ุงุทูุด ุงุฑูุญ ุงุดูู ุญุณุงุจู ูุงููู ูุฌูู ูุงุดุงุกุงููู ูู ููู ุงูุฑู ุงูู ุงููููุง ุฐุง ุญูู ูุง ูุฎูุต
189,tiktok.com/@meroo___am,ุจูู ุงูุณุนุฑ
190,tiktok.com/@barllina,ุงูุงุณุนุงุฑ ููุถุญู ุจุงููููุน ุญุจูุจุชู
191,tiktok.com/@ganazcnp52b,ูู ุชูุตูู ู ุถูุฏ๐ญุ
192,tiktok.com/@barllina,ููุตู ูุฌููุน ุฏูู ุงูุฎููุฌ
193,tiktok.com/@user5140562701410,ููุตู ูุจู ุงูุนูุฏ ุงูุง ุจุฌุงุฒุงู ุชูููู ุฑุฏูุ
194,tiktok.com/@barllina,ุนูู ุญุณุจ ุดุฑูุฉ ุงูุดุญู ุงููู ุชุฎุชุงุฑููุง ุจุงููููุน ุญุจูุจุชู (ููุถุญุฉ ุงููุฏุฉ)
195,tiktok.com/@qxdeglonbg,ุงุณู ุงููููุน
196,tiktok.com/@barllina,ุงููููุน ุจุงูุจุงูู ูุงุฑูุญู
197,tiktok.com/@nrnrn.09,ูู ุชูุตูู ููุงูุงุฑุงุช ูุฌูู
198,tiktok.com/@barllina,ุงูู ูุงููุจู
199,tiktok.com/@.t.xx19,ูู ุทูุจุช ููุตู ุจุนุฏ ูู ูููุ
200,tiktok.com/@barllina,ุญุณุจ ุดุฑูุฉ ุงูุดุญู ุงูู ุชุฎุชุงุฑููุง ุจุงููููุน (ููุถุญู ุงููุฏู)
201,tiktok.com/@user9167451561328,ูู ุชูุตูู ุงู ูุฑูุงุช ุจ ุณุนูุฏููุ
202,tiktok.com/@barllina,ููุตู ูุฌููุน ุงูุญุงุก ุงูููููุฉ
203,tiktok.com/@anood.ali4,ุจูููู ุ ุจุณุฑุน ูุฑู ุญูู
204,tiktok.com/@barllina,ุงูุงุณุนุงุฑ ููุถุญู ุจุงููููุน ุญุจูุจุชู
205,tiktok.com/@ii52z0,ุจููุุ
206,tiktok.com/@barllina,ุงูุงุณุนุงุฑ ููุถุญู ุจุงููููุน ุญุจูุจุชู
207,tiktok.com/@iss9o,ุจูู
208,tiktok.com/@barllina,ุงูุงุณุนุงุฑ ููุถุญู ุจุงููููุน ุญุจูุจุชู
209,tiktok.com/@za_za622,ุงูู ููุฏ ุฎุตูููุุ๐ฅบ๐ญ
210,tiktok.com/@barllina,MK10
211,tiktok.com/@n1sva1,ุชูุตููู ุงููููุชุ๐ฅบ
212,tiktok.com/@barllina,ุงูู ูุงููุจู
213,tiktok.com/@a0gop,ุจูู
214,tiktok.com/@barllina,ุงูุงุณุนุงุฑ ููุถุญู ุจุงููููุน ุญุจูุจุชู
215,tiktok.com/@zooz11633,ุงุญุณ ูู ููู ูู ูุตูุฑ ูุช ุจูุทูุน ูุฌููู
216,tiktok.com/@noa.anonymous,ูุงูู ุงูุณ ุณูููุ
217,tiktok.com/@barllina,ูุง ุญุจูุจุชู ููุงุณู
218,tiktok.com/@user435503451595,ุจูู
219,tiktok.com/@barllina,ุงูุงุณุนุงุฑ ููุถุญู ุจุงููููุน ุญุจูุจุชู
220,tiktok.com/@moonstar5990,ูู ุณุนุฑู ูุนู ูู ุชูุตูู ุนูู ุชุฑููุง ุงุณุทูุจูู
221,tiktok.com/@barllina,ูุง ุญุจูุจุชู ููุงุณู
222,tiktok.com/@mojg37, ุญููุุ
223,tiktok.com/@4ilxoi1,ูุฎูุฑุฑ ุงุทููู
224,tiktok.com/@cuu938,ูู ููู ู ููุตู
225,tiktok.com/@barllina,ุนูู ุญุณุจ ุดุฑูุฉ ุงูุดุญู ุงููู ุชุฎุชุงุฑููุง ุจุงููููุน (ููุถุญุฉ ุงููุฏุฉ)
226,tiktok.com/@zozo.t.a,ูููุชู ูููุชู
227,tiktok.com/@5.lllc,ูู ุงู ูุณู ุงุญุตูู
228,tiktok.com/@barllina,ุฑููู 18801
229,tiktok.com/@a259219,ุจูู
230,tiktok.com/@barllina,ุงูุงุณุนุงุฑ ููุถุญู ุจุงููููุน ุญุจูุจุชู
231,tiktok.com/@shrookalmry, ุดููู ุฐุง
232,tiktok.com/@7.jyy22,
233,tiktok.com/@xxo111r,ูู ุณูุญุชู ููุฉ ูุซูุฉ Xxlโจโจ
234,tiktok.com/@barllina,ูุง ุญุจูุจุชู ุงูุจุฑ ููุงุณ ุงูุณ ูุงุฑุฌ
235,tiktok.com/@majd.alshaar49,ุจุฏู ูุณุชุงู ููุฌุงุญู ุจุงูุชูุฌููู.. ููู ูููุนูู
236,tiktok.com/@barllina,ุงููููุน ุจุงูุจุงูู ูุงุฑูุญู
237,tiktok.com/@marayaturkish,ุจูุทูุน ุทููู ูู ููุฏูู ุณุงุชุฑ ุฃู ูุตู ูู ููุงุณุจูุง ูููู ููุฏู
238,tiktok.com/@barllina,ุดููู ุงููููุน ูุงุฑูุญู ูุจุชูุงูู ุงููู ููุงุณุจู ุงู ุดุงุก ุงููู
239,tiktok.com/@marayaturkish,ุจุทูุจ ููู
240,tiktok.com/@barllina,ุงูุทูุจ ุนู ุทุฑูู ุงููููุน ุจุงูุจุงูู ูุงุฑูุญู
241,tiktok.com/@nouti6,ูู ููู ุงูุชูุตูู ููุฑูุงุถุ
242,tiktok.com/@barllina,ุนูู ุญุณุจ ุดุฑูุฉ ุงูุดุญู ุงููู ุชุฎุชุงุฑููุง ุจุงููููุน ูุงุฑูุญู (ููุถุญุฉ ุงููุฏุฉ)
243,tiktok.com/@mylif1420,ุงูู ููุจุณูู ุจูุทููููู ุญุฑุจู ูุงูุณูู ุงูุจุณูู ูุณุชุงู๐ฉ๐ฉ๐๐
244,tiktok.com/@latfah.latfah.lat,ูุงู ูุฑู ุญูููู ุฑุงุญ ุงุดุชุฑูู ูู ุงู ุฎุทูู ุชุฌู ุจุณ ูุญุชุงุฑู ูู ูุณุชุงู ุญูู ููุฐุง ุจุณูู ูุฑุนู ุจูู ุงููู ูุงูู ุจุดุชุฑู ุญุถูุง
245,tiktok.com/@aloosh28emay,ูู ูุงุฎุฐ ุงูุชูุตูู ุ ูููุจุน ุ
246,tiktok.com/@barllina,ุนูู ุญุณุจ ุดุฑูุฉ ุงูุดุญู ุงููู ุชุฎุชุงุฑููุง ุจุงููููุน ูุงุฑูุญู (ููุถุญุฉ ุงููุฏุฉ)
247,tiktok.com/@ro.ar08,ุงูุณูุงู ุนูููู ูุฑุญูุฉ ุงููู ูุจุฑูุงุชู ููุณูุญุชู ุฃูุง ุทููู ูกูฅูค ุจูุทูุน ุณุงุชุฑ ูู ุชุญุช ุนูู ุ ูุฃูู ุฃุญุณู ูุตูุฑ ุดูู ูุงูุทุจูุฉ ุงูุดูุงูุฉ ูุฏุฑู ุชูุถุญ ูุซูุฑ ุงู ููุง
248,tiktok.com/@barllina,ุงูุงูุถู ุชุนุชูุฏู ุนูู ุฌุฏูู ุงูููุงุณุงุช ุจุงููููุน ูุงุฑูุญู
249,tiktok.com/@bsmha2,ุจูู
250,tiktok.com/@barllina,ุงูุงุณุนุงุฑ ููุถุญู ุจุงููููุน ุญุจูุจุชู
251,tiktok.com/@123wwdd456,ูู ููู ูุงุดุงุก ุงููู
252,tiktok.com/@barllina,ุจูููุนูุง ูุงุฑูุญู
253,tiktok.com/@user86wrw945kp,ุจูู ุณุนุฑ
254,tiktok.com/@barllina,ุงูุงุณุนุงุฑ ููุถุญู ุจุงููููุน ุญุจูุจุชู
255,tiktok.com/@inxxx3,ุจู ูู
256,tiktok.com/@barllina,ุงูุงุณุนุงุฑ ููุถุญู ุจุงููููุน ุญุจูุจุชู
257,tiktok.com/@user14162258291316,ุจูู ุ
258,tiktok.com/@barllina,ุงูุงุณุนุงุฑ ููุถุญู ุจุงููููุน ูุงุฑูุญู
259,tiktok.com/@mon.32i,ุงุนุทููุง ููุฏ ุฎุตู ุชูููู ูุง ุงุจู ุงุทูุจ ุงูุง ูููู ๐ฅบ๐ฅบ๐ฅบ
260,tiktok.com/@barllina,ุงุจุดุฑู ู ุฑูุญู RM10
261,tiktok.com/@storm_alharbi,ุงุดุชุฑูุช ูุณุชุงููู ูุฌูุงุจูู ุชุฌูููู ๐ ุงููู ูููููู ุจุณ ุงูุฃุณุนุงุฑ ุบุงููู ุดูู ูุงููุช ุชุฏูุนููุง ุนุดุงู ููุฏุฑ ูุฎู ๐
262,tiktok.com/@xcv67u,ูู ููุงุณุงุช ุงูุจุฑ ูููุงู ูู ููู ุนูุฑูู ูู ูกูก ุงูุง ูขู ุ
263,tiktok.com/@barllina,ุงูููุงุณุงุช ูู ุณููู ุงูู ุงูุณ ูุงุฑุฌ ูุงุฑูุญู ุ ูุงูุงูุถู ุชุนุชูุฏู ุนูู ุฌุฏูู ุงูููุงุณุงุช ุจุงููููุน
264,tiktok.com/@zzzzzzzzzzzzzzzzz22,ูู ููู ุชุฑุฌูุน ุ
265,tiktok.com/@barllina,ุงูู ูุงููุจู ูุชูุฏุฑู ุชูุฑู ุณูุงุณุฉ ุงูุงุณุชุฑุฌุงุน ูุงูุงุณุชุจุฏุงู ูุงููููุน
266,tiktok.com/@loola_551,ุจูู ุณุนุฑู
267,tiktok.com/@barllina,ุงูุงุณุนุงุฑ ููุถุญู ุจุงููููุน ุญุจูุจุชู
268,tiktok.com/@iix.3r,ูุฌูููู ูุงูููุงุณ ูุถุจูุท ๐ฅนโค๏ธโค๏ธ
269,tiktok.com/@lon_6768,ูู ุชูุตูู ูู ููุฉุ
270,tiktok.com/@barllina,ุงูู ูุงููุจู
271,tiktok.com/@lolmsr03,ูู ููุณู ุจุณ ุญู ูกูข ุณูู โจโจ
272,tiktok.com/@barllina,ุงูููุงุณุงุช ูู ุณููู ุงูู ุงูุณ ูุงุฑุฌ ูุงุฑูุญู
273,tiktok.com/@justtkookk,ุฃุจู ุฃุณุฃู ูู ุงููุณุชุงู ูุชููุฑ ููุง ูุง ุฅุฐุง ูู ูุชููุฑ ูุชู ูุชููุฑุ ูู ุชูุตูู ููุทุฑ ูุจู ุงูุนูุฏ
274,tiktok.com/@barllina,ุฑููู 18801 ุ ุงูุชูุตูู ุนูู ุญุณุจ ุดุฑูุฉ ุงูุดุญู ุงููู ุชุฎุชุงุฑููุง ุจุงููููุน ูุงุฑูุญู (ููุถุญุฉ ุงููุฏุฉ)
275,tiktok.com/@k_x18i, ูุดุจู ุญูู ููุงุก ูุฒูุงุฌ ูุทูู.
276,tiktok.com/@fofo99y,ุจูุงุช ูุฒูู54 ุณููู ููุง ูุฏูู
277,tiktok.com/@barllina,ุงูุงูุถู ุชุนุชูุฏู ุนูู ุฌุฏูู ุงูููุงุณุงุช ุจุงููููุน ูุงุฑูุญู
278,tiktok.com/@lsihd6, ุฐุง ูุนูููู
279,tiktok.com/@i.rk.1,ูุฌููู ูุฑู๐ค๐ค.
280,tiktok.com/@lsihd6, ุฐุง ูุฑูุญู
281,tiktok.com/@ix191,ุจููุ
282,tiktok.com/@barllina,ุงูุงุณุนุงุฑ ููุถุญู ุจุงููููุน ุญุจูุจุชู
283,tiktok.com/@.345245,ูู ุชูุตูู ููููู
284,tiktok.com/@barllina,ูุง ุญุจูุจุชู ููุงุณู
285,tiktok.com/@uy.525,ุจูู
286,tiktok.com/@barllina,ุงูุงุณุนุงุฑ ููุถุญู ุจุงููููุน ุญุจูุจุชู
287,tiktok.com/@osmanksa,ุงููู ุดุงูุช ุงูุณุนุฑ ุชููู๐.
288,tiktok.com/@barllina,ุงูุงุณุนุงุฑ ููุถุญู ุจุงููููุน ุญุจูุจุชู
289,tiktok.com/@nore647,ูุงุฐุง ูุฑูู ุนุฌุจูู ุจูู
290,tiktok.com/@barllina,ุงูุงุณุนุงุฑ ููุถุญู ุจุงููููุน ุญุจูุจุชู
291,tiktok.com/@aseel.8xil,ุจููุ
292,tiktok.com/@barllina,ุงูุงุณุนุงุฑ ููุถุญู ุจุงููููุน ุญุจูุจุชู
293,tiktok.com/@fkalmemari,ููุณูุญุชู ุดู ุงูููุงุณุงุช
294,tiktok.com/@barllina,ุงูููุงุณุงุช ูู ุณููู ุงูู ุงูุณ ูุงุฑุฌ ูุงุฑูุญู
295,tiktok.com/@p03_y7,ูุฌูู ูุฌูู ูุฌููู ูุงููู ูุง ุดุงุก ุงููู ุชุจุงุฑู ุงููู ๐
296,tiktok.com/@lsihd6,
297,tiktok.com/@shhd1342i95,ูููู ููู ูุงู ุงูุนูุฏ ุนูุฏ ุงูุญูู ููุณููุง ูุงูุจุบู ุจุณ ุณูู ูุงุฒู ููุจุณ ๐ข
298,tiktok.com/@joud4xz,ุงุจููููู
299,tiktok.com/@lsihd6,
300,tiktok.com/@lsihd6,
301,tiktok.com/@han.een5,ุงุชุฎููุช ุงูุจุณู ูุงูุง ุฑุงูุญู ุงูุฏูุฑู ๐
302,tiktok.com/@user84309126255557,ูุณุงุชูููู ุชุฌูู ุจุณ ุงููููุณ ููููู๐
303,tiktok.com/@malak17141,ุญูููููโฅ๏ธ
304,tiktok.com/@itsstea11,ูุงุฒู ุชูุตููู ููุนุฑุงู๐๐
305,tiktok.com/@feef_79,ูุฌูููููููู ูุง ุดุงุก ุงููู
306,tiktok.com/@jf13,ููุง ุทูุจุช ุทูุน ูู ูุงูุฌูุงู ๐๐
307,tiktok.com/@ss2020a12,ูู ุงูุงููุงู ูุงุณูู ุงุฎุฐุชู ๐ฉ
308,tiktok.com/@duuu661,ูุฌููููููู
309,tiktok.com/@rahmooonny,ูุงูู ุน ุณู ุงููุญููุฑ
310,tiktok.com/@ayaalmoustafa5,ูุฌูู
311,tiktok.com/@up2kpop,ูุฌููู ๐ญ๐
312,tiktok.com/@besho2351,ูุฌูู
313,tiktok.com/@raneem20195,ูุฌูู
314,tiktok.com/@red_rose1100,ุจููุ
315,tiktok.com/@barllina,ุงูุงุณุนุงุฑ ููุถุญู ุจุงููููุน ุญุจูุจุชู
316,tiktok.com/@alazmi_..906, ูุฌูู ุญู ุงูุนูุฏ๐
317,tiktok.com/@svi_170,ุจูุงุช ุงุญุฏ ุฌุฑุจุชูุ
318,tiktok.com/@ai.mi2,ุงูุฎุฎ ุญููููู ๐
319,tiktok.com/@shshidjs,ููุด ูุง ุนูุฏูู ููุงุณ xs
320,tiktok.com/@liu87cr,ุญูู ุจุณ ุฐุง ุญู ุฒูุงุฌ ูู ุนูุฏ!!!
321,tiktok.com/@ro3g.h,ุจูู
322,tiktok.com/@barllina,ุงูุงุณุนุงุฑ ููุถุญู ุจุงููููุน ุญุจูุจุชู
323,tiktok.com/@maream7asria,ูู ุชูุตูู ูู ูุตุฑ ุ
324,tiktok.com/@barllina,ูุง ุญุจูุจุชู ููุงุณู
325,tiktok.com/@hhhnnss,ููููููุงู ูุฐุง ุงููุงุญุฏ ููุฏุฑ ูููู ูุจุณ ุนูุฏ
326,tiktok.com/@dyzt8i6okl94,ุงูู ุชูุตูู ููุนุฑุงู
327,tiktok.com/@barllina,ูุง ุญุจูุจุชู ููุงุณู
328,tiktok.com/@r_21h23,ุญุจุจุจูููููููุชุช
329,tiktok.com/@ay_67i,ุชูุตููู ุนููุงุงุงุงู๐ฅน๐ฅน๐ฅน๐ฅน๐ฅน๐ฅน๐ฅน๐ฅนุุุ
330,tiktok.com/@barllina,ุงูู ูุงููุจู
331,tiktok.com/@w__561,ุณููู ููุจุณ ูุฒู ูู ุ
332,tiktok.com/@w__561,ุจูุงุช ุงุญุฏ ุทูุจู ููุตูู ููู ุจุงูุทุจูุนู ๐ข
333,tiktok.com/@myeral,ูู ููุดุงู ุงููู ๐ฅ
334,tiktok.com/@umkhaled5i,ุงููููููู๐ฅบ
335,tiktok.com/@ill2_s,ุงุญุณ ูููุน ููุนูุฏ
336,tiktok.com/@daliaa.33,ุงุจู ุฒู ูุฐุง ุจูุนุฑุงููู ูู ูุงูู ูููู ูุดุจูู ุงููู
337,tiktok.com/@user9811628313146,ูู ุชูุตูู ู ุงูููู
338,tiktok.com/@barllina,ูุง ุญุจูุจุชู ููุงุณู
339,tiktok.com/@toto10att,ูุงู ููุด ุญูู
340,tiktok.com/@maraym65,ุนุงุฏ ุทููุช
341,tiktok.com/@.1xh_,ูุงููููู ูู ููู ุฑุญ ุงููู ููู๐ญ๐ญโคโค
342,tiktok.com/@ll._.gg,ุชูุตูู ุงูุนุฑุงูุ
343,tiktok.com/@barllina,ูุง ุญุจูุจุชู ููุงุณู
344,tiktok.com/@nxes7,ูุฌูู!
345,tiktok.com/@albtool_220, ูููู ููุจุจููู ุญุฏูู ุญุจููุชุช
346,tiktok.com/@f_11mh,ุงููู๐ฅน
347,tiktok.com/@samirahali60,ููุงุชู
348,tiktok.com/@.alreem5,ูุจู ุฒูู ุทููู๐ญ
349,tiktok.com/@l34laa,ุชุฌูู๐ท๐๐ซฆ
350,tiktok.com/@basss1230,ุงููููููููู๐๐ป๐ค๐ค
351,tiktok.com/@liil.n7,ูุฌูู
352,tiktok.com/@bba1338,ููููููุช๐ค๐๐
353,tiktok.com/@user2421531583240,ุฌููู
354,tiktok.com/@g4oa,ูุณุชุงูู ุงูู ุทูุจุชูู๐๐
355,tiktok.com/@d_ndon055,ุณุจุญุงู ุงููู
356,tiktok.com/@basmasaad_,ููู ููุฏ ุฎุตูุ
357,tiktok.com/@barllina,ED10
358,tiktok.com/@zlir_x,ูู ุงููุฏููุฉุ ุ
359,tiktok.com/@barllina,ููุฑูุง ุฌุฏู ูููุตู ูุฌููุน ููุงุทู ุงูููููุฉ
360,tiktok.com/@likememe244,ูู ููู ูุงุฎุฐ ุงูุชูุตูู ุนูุฏูู ูู ุดุฑูุฉ ุฃุฑุงููุณ
361,tiktok.com/@barllina,ูุฏุฉ ุงูุชูุตูู ูู 2 ุงูู 12 ุงูุงู ุนูู ูุงุฑูุญู
362,tiktok.com/@_nour641,ูู ูุณุชุงู ูุฌู ุทููู ููุง ูุตูุฑ
363,tiktok.com/@liop_85,ููุช ุจุดุชุฑู ุจุณ ูุงูู ุชูุตูู ููุทุฑ ๐๐๐๐๐๐
364,tiktok.com/@barllina,ุญุงููุง ูุงูู ูุงุฑูุญู
365,tiktok.com/@o5_.g,ุจุทูุจ ูุณุชุงู ุงูุญูู ุจููุตู ูุจู ุงูุนูุฏ ููุง ๐ญ
366,tiktok.com/@barllina,ุงูู ูุงููุจู ุจุงุฐู ุงููู
367,tiktok.com/@6i778_,ุชูุตููู ููุทุฑ ูุจู ุงูุนูุฏ
368,tiktok.com/@barllina,ูุง ุญุจูุจุชู ุญุงููุง ูุงูู
369,tiktok.com/@ydnydny780, ๐
370,tiktok.com/@sazklnj,ุงู ูุงููู ๐๐
371,tiktok.com/@tohaart1996,ูุฌูู
372,tiktok.com/@tos970,ูุจุบุง ูุจูู ุฎุตู ุชููููููู
373,tiktok.com/@barllina,NF15
374,tiktok.com/@ii5xv7,ุชูููููู ุฑุฏู ุนูู ููุงุณุจ ุนูุฑ ูกูก ุงู ูกูข
375,tiktok.com/@a_at0,ูู ูุฏุฉ ุงูุชูุตููุ
376,tiktok.com/@barllina,ุนูู ุญุณุจ ุดุฑูุฉ ุงูุดุญู ุงููู ุชุฎุชุงุฑููุง ุจุงููููุน ูุงุฑูุญู (ููุถุญุฉ ุงููุฏุฉ)
377,tiktok.com/@mashaelalqahtani05,ุจุฑุฌุน ุงููุณุชุงู ููุด ุฐุง ุงูุนุณุงุฑ
378,tiktok.com/@barllina,ุชูุงุตูู ุฎุงุต
379,tiktok.com/@rahaf__383,ุญุจูุจูุชู ููู ุชุงุจู ูุชูุงุฑุงุ
380,tiktok.com/@barllina,ุงูู ูุงููุจู
381,tiktok.com/@zz_ozoo,ูุงูู ุจูููุน ููุฏูุจ ุชูุตูู ููุด ๐ญ ุงุจู ููุตููู ุจุฏุฑู
382,tiktok.com/@rexev4,ูู ุชุฑุฌูุน ุ
383,tiktok.com/@barllina,ุงูู ูุงููุจู ูุชูุฏุฑู ุชูุฑู ุณูุงุณุฉ ุงูุงุณุชุฑุฌุงุน ูุงูุงุณุชุจุฏุงู ูุงููููุน
384,tiktok.com/@sara256615,ุชูุตููู ุณุนูุฏูู
385,tiktok.com/@barllina,ุงูู ูุงููุจู ููุฑูุง ุฌุฏู
386,tiktok.com/@waadmusta,ุงุณูุนูุง ูุฐุง ูุงูููุทุน.. ุงูุชุธุฑ ุงูุฑุจ ููุงุณุจุฉ ุนุดุงู ุงุทูุจู ๐ฅบโจ
387,tiktok.com/@d3e3r,ุงูููุฏู ูู ูุงุจุณู ููุฏุ ูู ุจุงูู ุจุงููููุน
388,tiktok.com/@barllina,ุณููู ูุงุฑูุญู
389,tiktok.com/@hadeel127.7,ุญุธูู ุชูุจุณูุง ูุณุงุชูู ููุนูุฏ๐ฅบ๐
390,tiktok.com/@llis646,ุจุงุฑูููุง ูุชู ููุตู ูุณุชุงูู ุชุญูุณุช
391,tiktok.com/@barllina,ุญุณุจ ุงุฎุชูุงุฑู ูุดุฑูุฉ ุงูุดุญู ุจุงููููุน ุญุจูุจู
392,tiktok.com/@noona_996,ูู ุทูุจุช ุฐูุญูู ุจูุฌู ูุจู ุงูุนูุฏุุ
393,tiktok.com/@barllina,ุงูู ูุงููุจู ุจุงุฐู ุงููู
394,tiktok.com/@trlrr_,ุนุทููุง ููุฏ ุฎุตู
395,tiktok.com/@barllina,NF15
396,tiktok.com/@1mnw3,ูู ุชูุตูู ุงูุงุญุณุงุก
397,tiktok.com/@barllina,ุงูู ูุงููุจู ููุตู ูุฌููุน ููุงุทู ุงูููููุฉ
398,tiktok.com/@sh__.70, ูุง ูููุชู
399,tiktok.com/@candy._.il40,ุนูุฏูู ุชูุตูู ููุณุนุฏูุฉ
400,tiktok.com/@barllina,ููุตู ูุฌููุน ููุงุทู ุงูููููุฉ ูุงุฑูุญู
401,tiktok.com/@MS4wLjABAAAA7Ig9xEQOsw9QFG87Jk3RA2tuqka-wxQ9KIj0i3mtCz03afzBLWdWF_5Rc_GDzo2W,ุจูุงุช ุงููุณุชุงู ุญูู ุ ูุตูุญ ููุฃุนูุงุฑ ูููุง ..
402,tiktok.com/@amail_35,ููุงุณุจ ุงูู ุงุนูุงุฑูู ูกูฃ!
403,tiktok.com/@dana10720,ููู ููู ูุฑุฏู ุ
404,tiktok.com/@barllina,ููู ุฑูุงุฏู ูุงุฑูุญู
405,tiktok.com/@exol_suho_,ูู ูุฏุฉ ุงูุชูุตูู
406,tiktok.com/@barllina,ุนูู ุญุณุจ ุดุฑูุฉ ุงูุดุญู ุงููู ุชุฎุชุงุฑููุง ุจุงููููุน ูุงุฑูุญู (ููุถุญุฉ ุงููุฏุฉ)
407,tiktok.com/@nood_127,ูุฌูู ูุง ุจูุงุช
408,tiktok.com/@dinasalem2021,ููุฃุณู ูุงูู ููุงุณ ุงูุจุฑ ุจุดููู ูู ุงูุณ ูุงุฑุฌ
409,tiktok.com/@we.ba93,ูู ุทูุจุชู ุงูููู ููุตู ูุจู ุงูุนูุฏุุ
410,tiktok.com/@barllina,ุงูู ูุงููุจู ุจุงุฐู ุงููู
411,tiktok.com/@sh__99891,ุชูููุฏู ุฃู ูุฎูุฑ๐ฅบ
412,tiktok.com/@il41y,ุจูุงุช ูู ูููุน ูุนู ูุนุจ ูุดูุทู ุจูุจู ุจููุุ
413,tiktok.com/@aljohara_1997,ุชุฑุง ููุดูุชูู ุดููู ู ุงุนุทููู ุฑุงููู ๐๐ค
414,tiktok.com/@user9884692680548,ุชูููููู ุงุจูููู๐ญ
415,tiktok.com/@barllina,ุงูุงุณุนุงุฑ ููุถุญู ุจุงููููุน ุญุจูุจุชู
416,tiktok.com/@noodi1222,ุนูุฏูู ููุฏ ุฎุตู๐ฅบ
417,tiktok.com/@barllina,RM10
418,tiktok.com/@kk.g03,ูู ูุฏุฉ ุงูุชูุตูู ูู ุงูุฑูุงุถุ
419,tiktok.com/@barllina,ุนูู ุญุณุจ ุดุฑูุฉ ุงูุดุญู ุงููู ุชุฎุชุงุฑููุง ุจุงููููุน ูุงุฑูุญู(ููุถุญุฉ ุงููุฏุฉ)
420,tiktok.com/@user1714855390031,ูููู ุชููุฑูู ููุงุณ ุฃูุจุฑ ุจุงุดูู๐โค๏ธ
421,tiktok.com/@8__xz5,ูุงููุช ุชุฑุฏูู
422,tiktok.com/@barllina,ููุง ุญุจูุจุชู
423,tiktok.com/@8__xz5,ุงูู
424,tiktok.com/@x.oigz,ูุฑูุฏ ูุณุชุงู ูููุญุฌุจุงุช
425,tiktok.com/@user2250582582624,ุนูุฏูู ุชูุตูู ููุฌุฒุงุฆุฑ ๐ฅบ
426,tiktok.com/@barllina,ูุง ุญุจูุจุชู ููุงุณู
427,tiktok.com/@uslamia123,ุญุจูุช
428,tiktok.com/@l_iv6,ุจุงูู ููุฌูุฏ ุงูุนุฑุถ ุงููู ูุงุญุฏ ูุงูุซุงูู ูุฌุงูุง
429,tiktok.com/@barllina,ูุง ุญุจูุจุชู
430,tiktok.com/@user38008188126534,ููุฌูุฏ ุงููุณุชุงู ููุง ูุฎูุต
431,tiktok.com/@barllina,ููุฌูุฏ ูุงุนูููู ุ ุฑููู 18801
432,tiktok.com/@ai.6i7,ูุจู ุบุงุงุงุงุงุงุงุงููููููููููููููููู
433,tiktok.com/@user47690584158294,ูู
434,tiktok.com/@shoogalotebe, ููู ุจุญุณุงุจูุง
435,tiktok.com/@memeeee2010,ูุจุบุง ููุฏ ุฎุตู ุงููู ูุณุนุฏู๐ญ๐ญ
436,tiktok.com/@barllina,RM10
437,tiktok.com/@wth6._,ุงุฎูุฑุงู ุญุตูุช ูุณุชุงูููู ููุชูุนู ููู ููููู ูุฑู๐ฅน๐ญ
438,tiktok.com/@78nih8,ุจูุฑููุช ๐
439,tiktok.com/@xiu_2q,ูุจู ููู ุงุณูุฏ
440,tiktok.com/@rosefashion__ae,ูููู ุฌููู
441,tiktok.com/@alia_199,ูุจู ูููุชุงู ุทูุจ
442,tiktok.com/@alshammrei0,ูููู ููุฏ ุฎุตู ูุงู RM 10 ูุงูุนูู
443,tiktok.com/@rrztxia,ูุฌูู ุงุจุฏุนุชู
444,tiktok.com/@aljojo900,ูููุน ููุนูุฏ ุจูุงุช ูุงูุง ุญุงูู ุจุงูุฑุงุจุน!๐ฅบ
445,tiktok.com/@samoraflower,ููููู ูุฐุง ูู ุงูุตุจุงุญ ูุงุดุงุกุงููู ุงุฌู ูู ุงููุณุงุก ููุด ููุจุณ
446,tiktok.com/@mm_mm_54, ุดููู ุนุฌุจูู ุจุณ ูุณูุช ุงุฏุฎู ุงููููุน ุดููู ููููููู ุจูู
447,tiktok.com/@lsihd6, ุฐุง ูุฑูุญู
448,tiktok.com/@jor.2i,ุญุจุจุจูููุช
449,tiktok.com/@pluie_22,ูุฃุฎุฐ ุงูุนูู
450,tiktok.com/@al5yaxht21c,ุงูู ูุฐู ุงูุนูุฏ ูู ูุฎุงููุฑ ูุฌูุงุจูุงุช๐คฃ๐คฃ๐คฃ
451,tiktok.com/@suio__q,ูุฌูู๐ฅน๐ฅน๐ฅน
452,tiktok.com/@ss.q40,ูุงุงุงุงุงุงุงุงุงู
453,tiktok.com/@k.lki,ุงููู ๐ฉท๐ฉท๐ฉท๐ฉท๐ฉท๐ฉท
454,tiktok.com/@m184559,ูุงููู ุญูู ุจุณ ูููู ูููุณ
455,tiktok.com/@1o6f,ูุฌุฌุฌุฌุฌููููู
456,tiktok.com/@r4191,ูุฌููู
457,tiktok.com/@wateen.100,ุงูุชู
458,tiktok.com/@a.t.d_0,ูููุช ููุณู ุงููุญูุฑ ๐ฅบ๐
459,tiktok.com/@s___1266, ูุฌููู
460,tiktok.com/@opeu_66,ูุฏูููููููู๐ข๐
461,tiktok.com/@as_4oom,ุจุนุฏ ูุง ุงุฎุฐุช ูุฌูุฒุช ุทูุนูู ุงูููุฏ ๐
462,tiktok.com/@xsm.97,ุฎูููู ุงุตูุฑ ุบููู ูุงุดุชุฑู ูุงููุณุชุงู ุนุงูุนูุฏ ุงูุฌุงู ุจุงุฐู ุงููู ๐๐๐๐๐โจ
463,tiktok.com/@z6nii,ุงููู ูููุช
464,tiktok.com/@alshamri139,ูุฌูู ๐ฅน๐ฆ
465,tiktok.com/@malak8862548874,ูุง ุนุฏูู. ุนูุฏ ุงุถู ูุงููู. โจ๐๐
466,tiktok.com/@nana____9,ูุฌูู
467,tiktok.com/@user7797876112946,ูุงููู ูุฌูู ูุญููุฉ ูุงููู ุณุงุชุฑุฉ ุจุนุฏ ูุงุดุงุก ุงููู๐ซ๐๐
468,tiktok.com/@zr44944,ุจูู ุณุนุฑู
469,tiktok.com/@barllina,ุงูุงุณุนุงุฑ ููุถุญู ุจุงููููุน ุญุจูุจุชู
470,tiktok.com/@mrs_n.99,ูู ุชูุตูู ููุฎุจุฑุุ!
471,tiktok.com/@barllina,ุงูู ูุงููุจู
472,tiktok.com/@koooki675,ุงููู ุฌููููู.
473,tiktok.com/@almo0o0n,ุฎูุงู ูู ุงูุชูุตูู
474,tiktok.com/@barllina,ุนูู ุญุณุจ ุดุฑูุฉ ุงูุดุญู ุงููู ุชุฎุชุงุฑููุง ุจุงููููุน ูุงุฑูุญู (ููุถุญุฉ ุงููุฏุฉ)
475,tiktok.com/@cisicidikvjjck,ุงูุง ุจุงูุฑูุงุถ ุ ููุฏู ุนูู ุงูุชูุตูู ูุจู ุงูุนูุฏ ุ
476,tiktok.com/@barllina,ุงูู ูุงููุจู ุจุงุฐู ุงููู ุจุณ ุงุทูุจู ุจุฏุฑู
477,tiktok.com/@silwc,๐คจ๐คจ๐คจ
478,tiktok.com/@a1n_78,
479,tiktok.com/@x_saert44,๐ช๐ช๐ช
480,tiktok.com/@sroosh_505,
481,tiktok.com/@ya7a.s,
482,tiktok.com/@qupv0,
483,tiktok.com/@anazagah1, 
484,tiktok.com/@diva_8j,๐ค
485,tiktok.com/@ella1xk,ูุฌูู ูุฌูู ูุฌูู ๐ญ๐ญ๐๐๐
486,tiktok.com/@user56368793822562,
487,tiktok.com/@jan0126,โค๏ธโค๏ธ
488,tiktok.com/@_1r.o,@
489,tiktok.com/@lsihd6, ุฐุง
490,tiktok.com/@7wb55,๐ฅบ๐ฅบ๐ฅบ
491,tiktok.com/@nui_610,
492,tiktok.com/@je.aa12,ูููู๐ฉโฅ๏ธโฅ๏ธ
493,tiktok.com/@rr51423439,
494,tiktok.com/@lsihd6,
495,tiktok.com/@lsihd6,
496,tiktok.com/@xcrld4,
497,tiktok.com/@reem14127,
498,tiktok.com/@userovy7d4ium6,
499,tiktok.com/@al55881,
500,tiktok.com/@gozaifkc61g,
501,tiktok.com/@viloli_i9,
502,tiktok.com/@l_handmade0,โค๏ธ
503,tiktok.com/@yaqeen749,
504,tiktok.com/@renad__.505,
505,tiktok.com/@hnoon904,ูุงูููุชู ูู ุฑููู
506,tiktok.com/@barllina,ุฑููู 18801
